Workbook

Sheet Glucose
D1: MEASUREMENT UNCERTAINITY AND TAE
E4: EQA | F4: Bias % | G4: U%
A5: Level 1 | E5: Jan | F5: -2.3622047 | G5: 0.247 | I5: Level 2
E6: Feb | F6: -0.16920474 | G6: 1.07
E7: Mar | F7: -3.2258065 | G7: 0.114
E8: Apr | F8: 0 | G8: 0.233
E9: May | F9: -1.6949153 | G9: 1.03
A10: Pooled CV% (level 1) | B10: 1.84 | E10: Jun | F10: -3.3333333 | G10: 0.074 | I10: Pooled CV% (Level 2)
E11: Jul | F11: -4.5454545 | G11: 0.068
E12: Aug | F12: -2.8571429 | G12: 0.227
A13: Mean Bias % | B13: =AVERAGE(F5:F16) -> -1.8816552 | E13: Sep | F13: -5.1851852 | G13: 0.266
A14: SD Bias % | B14: =_xlfn.STDEV.S(F5:F16) -> 2.0379841 | E14: Oct | F14: 1.0050251 | G14: 1.12
A15: no. of EQA | B15: =COUNT(F5:F16) -> 12 | E15: Nov | F15: -0.95238095 | G15: 0.203
A16: SD mean % | B16: =B14/SQRT(B15) -> 0.58831534 | E16: Dec | F16: 0.74074074 | G16: 0.243
A17: Mean U% | B17: =AVERAGE(G5:G16) -> 0.40791667
A18: U bias% | B18: =SQRT(B17^2+B16^2) -> 0.7158987
A20: u% (level 1) | B20: =SQRT(B10^2+B18^2) -> 1.9743634 | I20: u (level 2)
A22: MU% (level 1) | B22: =2*B20 -> 3.9487269 | I22: MU (level 2)
A24: TE Glucose (L1) | B24: =(2*B10)+ABS(B13) -> 5.5616552 | I24: TE (L2)
O25: u = combined standard uncertainity
O26: MU = Measurement uncertainity = 2*u
I28: MUTE (L2)

Sheet Urea
F2: Bias % | G2: U
E3: Jan | F3: 0 | G3: 0.455
E4: Feb | F4: -3.5714286 | G4: 0.347
A5: LEVEL 1 | E5: Mar | F5: 0.56925996 | G5: 0.15
E6: Apr | F6: 3.6363636 | G6: 0.482
E7: May | F7: 1.7857143 | G7: 0.318
E8: Jun | F8: 0 | G8: 0.048
E9: Jul | F9: 1.8867925 | G9: 0.533
A10: Pooled CV% | B10: 2.81 | E10: Aug | F10: 2.1611002 | G10: 0.164
E11: Sep | F11: -4.7619048 | G11: 0.054
E12: Oct | F12: 4.587156 | G12: 0.333
A13: Mean Bias % | B13: =AVERAGE(F3:F14) -> 0.076031879 | E13: Nov | F13: -1.3806706 | G13: 0.151
A14: SD Bias % | B14: =_xlfn.STDEV.S(F3:F14) -> 3.0041794 | E14: Dec | F14: -4 | G14: 0.051
A15: no. of EQA | B15: =COUNT(F3:F14) -> 12
A16: SD mean % | B16: =B14/SQRT(B15) -> 0.86723189
A17: Mean U | B17: =AVERAGE(G3:G14) -> 0.25716667
A18: U bias | B18: =SQRT(B17^2+B16^2) -> 0.90455837
A20: u | B20: =SQRT(B10^2+B18^2) -> 2.9520037
A22: MU | B22: =2*B20 -> 5.9040074
A24: TE% urea | B24: =(2*B10)+ABS(B13) -> 5.6960319

Sheet Creatinine
F2: Bias % | G2: U
E3: Jan | F3: 2.8571429 | G3: 0.007
E4: Feb | F4: 1.4423077 | G4: 0.007
E5: Mar | F5: 0.76687117 | G5: 0.026
E6: Apr | F6: 0.94339623 | G6: 0.008
E7: May | F7: 3.8277512 | G7: 0.008
A8: Pooled CV% | B8: 1.77 | E8: Jun | F8: 3.7634409 | G8: 0.013
E9: Jul | F9: 0 | G9: 0.017
E10: Aug | F10: 1.6666667 | G10: 0.006
A11: Mean Bias % | B11: =AVERAGE(F3:F14) -> 0.18099264 | E11: Sep | F11: -6.6115702 | G11: 0.006
A12: SD Bias % | B12: =_xlfn.STDEV.S(F3:F14) -> 3.2574305 | E12: Oct | F12: 0.70921986 | G12: 0.01
A13: no. of EQA | B13: =COUNT(F3:F14) -> 12 | E13: Nov | F13: -2.2346369 | G13: 0.005
A14: SD mean % | B14: =B12/SQRT(B13) -> 0.94033919 | E14: Dec | F14: -4.9586777 | G14: 0.006
A15: Mean U | B15: =AVERAGE(G3:G14) -> 0.0099166667
A16: U bias | B16: =SQRT(B15^2+B14^2) -> 0.94039148
A18: u | B18: =SQRT(B8^2+B16^2) -> 2.0043044
A19: MU | B19: =2*B18 -> 4.0086088
A20: TE% creatinine | B20: =(2*B8)+ABS(B11) -> 3.7209926

Sheet cholesterol
F2: Bias % | G2: U
E3: Jan | F3: 2.7439024 | G3: 0.964
E4: Feb | F4: -2.8340081 | G4: 0.791
E5: Mar | F5: -4.4871795 | G5: 0.449
E6: Apr | F6: -4.2813456 | G6: 0.951
E7: May | F7: -4.8582996 | G7: 0.718
A8: Pooled CV% | B8: 2 | E8: Jun | F8: -4.2105263 | G8: 0.272
E9: Jul | F9: -3.9877301 | G9: 1.08
E10: Aug | F10: -3.8216561 | G10: 0.488
A11: Mean Bias % | B11: =AVERAGE(F3:F14) -> -4.0979315 | E11: Sep | F11: -8.1419624 | G11: 0.293
A12: SD Bias % | B12: =_xlfn.STDEV.S(F3:F14) -> 2.5403646 | E12: Oct | F12: -5.6910569 | G12: 0.736
A13: no. of EQA | B13: =COUNT(F3:F14) -> 12 | E13: Nov | F13: -3.8461538 | G13: 0.445
A14: SD mean % | B14: =B12/SQRT(B13) -> 0.73334008 | E14: Dec | F14: -5.7591623 | G14: 0.249
A15: Mean U | B15: =AVERAGE(G3:G14) -> 0.61966667
A16: U bias | B16: =SQRT(B15^2+B14^2) -> 0.96009086
A18: u | B18: =SQRT(B8^2+B16^2) -> 2.2185073
A19: MU | B19: =2*B18 -> 4.4370145
A21: TE | B21: =(2*B8)+ABS(B11) -> 8.0979315

Sheet TGL
F2: Bias % | G2: U
E3: Jan | F3: 1.1111111 | G3: 0.464
E4: Feb | F4: -0.74626866 | G4: 0.366
E5: Mar | F5: 0.97323601 | G5: 0.222
E6: Apr | F6: 0.56179775 | G6: 0.462
E7: May | F7: -2.2556391 | G7: 0.339
A8: Pooled CV% | B8: 3.16 | E8: Jun | F8: -2.3354565 | G8: 0.134
E9: Jul | F9: -3.0864198 | G9: 0.645
E10: Aug | F10: -3.8718291 | G10: 0.251
A11: Mean Bias % | B11: =AVERAGE(F3:F14) -> -0.79821372 | E11: Sep | F11: -1.9138756 | G11: 0.136
A12: SD Bias % | B12: =_xlfn.STDEV.S(F3:F14) -> 2.0877499 | E12: Oct | F12: 0.81967213 | G12: 0.377
A13: no. of EQA | B13: =COUNT(F3:F14) -> 12 | E13: Nov | F13: 3.0789826 | G13: 0.232
A14: SD mean % | B14: =B12/SQRT(B13) -> 0.60268148 | E14: Dec | F14: -1.9138756 | G14: 0.123
A15: Mean U | B15: =AVERAGE(G3:G14) -> 0.31258333
A16: U bias | B16: =SQRT(B15^2+B14^2) -> 0.6789207
A18: u | B18: =SQRT(B8^2+B16^2) -> 3.2321097
A19: MU | B19: =2*B18 -> 6.4642195
A21: TE | B21: =(2*B8)+ABS(B11) -> 7.1182137

Sheet HDL
F2: Bias % | G2: U
E3: Jan | F3: 0.57471264 | G3: 0.233
B4: CV% | E4: Feb | F4: -1.0600707 | G4: 0.205
A5: Lot 1 (CV1) | E5: Mar | F5: -0.26954178 | G5: 0.144
A6: Lot 2 (CV2) | E6: Apr | F6: 2.9619182 | G6: 0.237
A7: Lot 3 (CV3) | E7: May | F7: 2.1126761 | G7: 0.209
A8: Pooled CV% | B8: 2.56 | E8: Jun | F8: -1.7094017 | G8: 0.095
E9: Jul | F9: 0.43041607 | G9: 0.292
E10: Aug | F10: -1.0695187 | G10: 0.163
A11: Mean Bias % | B11: =AVERAGE(F3:F14) -> 0.76212242 | E11: Sep | F11: -3.3613445 | G11: 0.095
A12: SD Bias % | B12: =_xlfn.STDEV.S(F3:F14) -> 2.4215436 | E12: Oct | F12: 4.0564374 | G12: 0.221
A13: no. of EQA | B13: =COUNT(F3:F14) -> 12 | E13: Nov | F13: 1.8766756 | G13: 0.143
A14: SD mean % | B14: =B12/SQRT(B13) -> 0.69903942 | E14: Dec | F14: 4.6025105 | G14: 0.092
A15: Mean U | B15: =AVERAGE(G3:G14) -> 0.17741667
A16: U bias | B16: =SQRT(B15^2+B14^2) -> 0.72120232
A18: u | B18: =SQRT(B8^2+B16^2) -> 2.659649
A20: MU | B20: =2*B18 -> 5.319298
A22: TE | B22: =(2*B8)+ABS(B11) -> 5.8821224

Sheet T. Protein
F2: Bias % | G2: U
E3: Jan | F3: -0.4842615 | G3: 0.014
B4: CV% | E4: Feb | F4: -0.29806259 | G4: 0.012
A5: Lot 1 (CV1) | E5: Mar | F5: 0.81466395 | G5: 0.009
A6: Lot 2 (CV2) | E6: Apr | F6: 0.72551391 | G6: 0.014
A7: Lot 3 (CV3) | E7: May | F7: -1.3412817 | G7: 0.012
A8: Pooled CV% | B8: 1.18 | E8: Jun | F8: -1.3477089 | G8: 6.71
E9: Jul | F9: -1.321004 | G9: 0.017
E10: Aug | F10: 2.5751073 | G10: 0.009
A11: Mean Bias % | B11: =AVERAGE(F3:F14) -> 1.0582543 | E11: Sep | F11: 5.5555556 | G11: 0.008
A12: SD Bias % | B12: =_xlfn.STDEV.S(F3:F14) -> 2.1756327 | E12: Oct | F12: 2.3961661 | G12: 0.013
A13: no. of EQA | B13: =COUNT(F3:F14) -> 12 | E13: Nov | F13: 2.1276596 | G13: 0.011
A14: SD mean % | B14: =B12/SQRT(B13) -> 0.62805107 | E14: Dec | F14: 3.2967033 | G14: 0.008
A15: Mean U | B15: =AVERAGE(G3:G14) -> 0.56975
A16: U bias | B16: =SQRT(B15^2+B14^2) -> 0.84797595
A18: u | B18: =SQRT(B8^2+B16^2) -> 1.4530875
A19: MU | B19: =2*B18 -> 2.906175
A21: TE | B21: =(2*B8)+ABS(B11) -> 3.4182543

Sheet albumin
F2: Bias % | G2: U
E3: Jan | F3: 0 | G3: 0.009
B4: CV% | E4: Feb | F4: 0.48309179 | G4: 0.007
A5: Lot 1 (CV1) | E5: Mar | F5: -2.2435897 | G5: 0.006
A6: Lot 2 (CV2) | E6: Apr | F6: 0.19762846 | G6: 0.008
A7: Lot 3 (CV3) | E7: May | F7: -1.4492754 | G7: 0.008
A8: Pooled CV% | B8: 4.1 | E8: Jun | F8: -1.2605042 | G8: 0.005
E9: Jul | F9: -1.0706638 | G9: 0.01
E10: Aug | F10: -2.0547945 | G10: 0.006
A11: Mean Bias % | B11: =AVERAGE(F3:F14) -> -0.70050706 | E11: Sep | F11: -2.2123894 | G11: 0.005
A12: SD Bias % | B12: =_xlfn.STDEV.S(F3:F14) -> 1.1325369 | E12: Oct | F12: 0.51948052 | G12: 0.007
A13: no. of EQA | B13: =COUNT(F3:F14) -> 12 | E13: Nov | F13: 0.68493151 | G13: 0.006
A14: SD mean % | B14: =B12/SQRT(B13) -> 0.32693523 | E14: Dec | F14: 0 | G14: 0.005
A15: Mean U | B15: =AVERAGE(G3:G14) -> 0.0068333333
A16: U bias | B16: =SQRT(B15^2+B14^2) -> 0.32700664
A18: u | B18: =SQRT(B8^2+B16^2) -> 4.11302
A19: MU | B19: =2*B18 -> 8.22604
A21: TE | B21: =(2*B8)+ABS(B11) -> 8.9005071

Sheet TBIL
F2: Bias % | G2: U
E3: Jan | F3: 0.20746888 | G3: 0.021
B4: CV% | E4: Feb | F4: 0.43041607 | G4: 0.014
A5: Lot 1 (CV1) | E5: Mar | F5: -0.51413882 | G5: 0.01
A6: Lot 2 (CV2) | E6: Apr | F6: -0.51813472 | G6: 0.021
A7: Lot 3 (CV3) | E7: May | F7: -1.4347202 | G7: 0.014
A8: Pooled CV% | B8: 1.91 | E8: Jun | F8: 0.57142857 | G8: 0.005
E9: Jul | F9: 1.6666667 | G9: 0.022
E10: Aug | F10: -2.3323615 | G10: 0.007
A11: Mean Bias % | B11: =AVERAGE(F3:F14) -> -0.65651442 | E11: Sep | F11: -0.76923077 | G11: 0.003
A12: SD Bias % | B12: =_xlfn.STDEV.S(F3:F14) -> 1.2980724 | E12: Oct | F12: -1.2288786 | G12: 0.014
A13: no. of EQA | B13: =COUNT(F3:F14) -> 12 | E13: Nov | F13: -0.8797654 | G13: 0.007
A14: SD mean % | B14: =B12/SQRT(B13) -> 0.37472123 | E14: Dec | F14: -3.0769231 | G14: 0.003
A15: Mean U | B15: =AVERAGE(G3:G14) -> 0.01175
A16: U bias | B16: =SQRT(B15^2+B14^2) -> 0.3749054
A18: u | B18: =SQRT(B8^2+B16^2) -> 1.9464465
A19: MU | B19: =2*B18 -> 3.892893
A21: TE | B21: =(2*B8)+ABS(B11) -> 4.4765144

Sheet DBIL
F2: Bias % | G2: U
E3: Jan | F3: 2.2813688 | G3: 3.94
B4: CV% | E4: Feb | F4: 2.8571429 | G4: 0.007
A5: Lot 1 (CV1) | E5: Mar | F5: 0.66225166 | G5: 0.005
A6: Lot 2 (CV2) | E6: Apr | F6: 0 | G6: 0.008
A7: Lot 3 (CV3) | E7: May | F7: 3.3333333 | G7: 0.007
A8: Pooled CV% | B8: 2.75 | E8: Jun | F8: -0.91930541 | G8: 0.003
E9: Jul | F9: -4.4117647 | G9: 0.015
E10: Aug | F10: -5.2173913 | G10: 0.007
A11: Mean Bias % | B11: =AVERAGE(F3:F14) -> -1.0816175 | E11: Sep | F11: -2.5191676 | G11: 0.003
A12: SD Bias % | B12: =_xlfn.STDEV.S(F3:F14) -> 3.1298169 | E12: Oct | F12: -3.8461538 | G12: 0.011
A13: no. of EQA | B13: =COUNT(F3:F14) -> 12 | E13: Nov | F13: -5.3097345 | G13: 0.006
A14: SD mean % | B14: =B12/SQRT(B13) -> 0.90350031 | E14: Dec | F14: 0.110011 | G14: 0.003
A15: Mean U | B15: =AVERAGE(G3:G14) -> 0.33458333
A16: U bias | B16: =SQRT(B15^2+B14^2) -> 0.96346189
A18: u | B18: =SQRT(B8^2+B16^2) -> 2.9138907
A19: MU | B19: =2*B18 -> 5.8277813
A21: TE | B21: =(2*B8)+ABS(B11) -> 6.5816175

Sheet AST
F2: Bias % | G2: U
E3: Jan | F3: 4.9122807 | G3: 0.88
B4: CV% | E4: Feb | F4: 0.52910053 | G4: 0.641
A5: Lot 1 (CV1) | E5: Mar | F5: 0.6097561 | G5: 0.273
A6: Lot 2 (CV2) | E6: Apr | F6: 1.056338 | G6: 0.855
A7: Lot 3 (CV3) | E7: May | F7: 0.52631579 | G7: 0.61
A8: Pooled CV% | B8: 2.36 | E8: Jun | F8: 1.1904762 | G8: 0.116
E9: Jul | F9: 0.6779661 | G9: 1.05
E10: Aug | F10: 0.9009009 | G10: 0.347
A11: Mean Bias % | B11: =AVERAGE(F3:F14) -> 0.63161338 | E11: Sep | F11: -5.1094891 | G11: 0.153
A12: SD Bias % | B12: =_xlfn.STDEV.S(F3:F14) -> 2.272662 | E12: Oct | F12: 1.0050251 | G12: 0.698
A13: no. of EQA | B13: =COUNT(F3:F14) -> 12 | E13: Nov | F13: -0.90909091 | G13: 0.322
A14: SD mean % | B14: =B12/SQRT(B13) -> 0.65606102 | E14: Dec | F14: 2.189781 | G14: 0.144
A15: Mean U | B15: =AVERAGE(G3:G14) -> 0.50741667
A16: U bias | B16: =SQRT(B15^2+B14^2) -> 0.82938997
A18: u | B18: =SQRT(B8^2+B16^2) -> 2.5014971
A19: MU | B19: =2*B18 -> 5.0029942
A21: TE | B21: =(2*B8)+ABS(B11) -> 5.3516134

Sheet ALT
F2: Bias % | G2: U
E3: Jan | F3: 5.5276382 | G3: 0.643
B4: CV% | E4: Feb | F4: 2.173913 | G4: 0.429
A5: Lot 1 (CV1) | E5: Mar | F5: -0.9762901 | G5: 0.24
A6: Lot 2 (CV2) | E6: Apr | F6: 1.5075377 | G6: 0.608
A7: Lot 3 (CV3) | E7: May | F7: 0 | G7: 0.403
A8: Pooled CV% | B8: 2.68 | E8: Jun | F8: 0.69444444 | G8: 0.099
E9: Jul | F9: 3.8961039 | G9: 0.147
E10: Aug | F10: 1.0775862 | G10: 1.31
A11: Mean Bias % | B11: =AVERAGE(F3:F14) -> 0.85482811 | E11: Sep | F11: -2.8436019 | G11: 0.65
A12: SD Bias % | B12: =_xlfn.STDEV.S(F3:F14) -> 2.2854362 | E12: Oct | F12: -0.44742729 | G12: 0.26
A13: no. of EQA | B13: =COUNT(F3:F14) -> 12 | E13: Nov | F13: -1.3043478 | G13: 1.09
A14: SD mean % | B14: =B12/SQRT(B13) -> 0.65974862 | E14: Dec | F14: 0.95238095 | G14: 0.486
A15: Mean U | B15: =AVERAGE(G3:G14) -> 0.53041667
A16: U bias | B16: =SQRT(B15^2+B14^2) -> 0.84652825
A18: u | B18: =SQRT(B8^2+B16^2) -> 2.8105178
A19: MU | B19: =2*B18 -> 5.6210355
A21: TE | B21: =(2*B8)+ABS(B11) -> 6.2148281

Sheet GGT
F2: Bias % | G2: U
E3: Jan | F3: -0.57471264 | G3: 0.902
B4: CV% | E4: Feb | F4: 0.39840637 | G4: 0.636
A5: Lot 1 (CV1) | E5: Mar | F5: 2.0689655 | G5: 0.348
A6: Lot 2 (CV2) | E6: Apr | F6: 0.57471264 | G6: 0.837
A7: Lot 3 (CV3) | E7: May | F7: 0 | G7: 0.606
A8: Pooled CV% | B8: 1.73 | E8: Jun | F8: -0.13679891 | G8: 0.163
E9: Jul | F9: -0.28653295 | G9: 1.02
E10: Aug | F10: -2.0833333 | G10: 0.35
A11: Mean Bias % | B11: =AVERAGE(F3:F14) -> -0.12738732 | E11: Sep | F11: -2.6798307 | G11: 0.162
A12: SD Bias % | B12: =_xlfn.STDEV.S(F3:F14) -> 1.2772493 | E12: Oct | F12: 1.1904762 | G12: 0.619
A13: no. of EQA | B13: =COUNT(F3:F14) -> 12 | E13: Nov | F13: 0 | G13: 0.31
A14: SD mean % | B14: =B12/SQRT(B13) -> 0.36871012 | E14: Dec | F14: 0 | G14: 0.16
A15: Mean U | B15: =AVERAGE(G3:G14) -> 0.50941667
A16: U bias | B16: =SQRT(B15^2+B14^2) -> 0.62885014
A18: u | B18: =SQRT(B8^2+B16^2) -> 1.8407478
A19: MU | B19: =2*B18 -> 3.6814956
A21: TE | B21: =(2*B8)+ABS(B11) -> 3.5873873

Sheet Calcium
F2: Bias % | G2: U
E3: Jan | F3: 0.81081081 | G3: 0.024
B4: CV% | E4: Feb | F4: 0 | G4: 0.02
A5: Lot 1 (CV1) | E5: Mar | F5: 0.84951456 | G5: 0.015
A6: Lot 2 (CV2) | E6: Apr | F6: -0.40540541 | G6: 0.026
A7: Lot 3 (CV3) | E7: May | F7: -1.1111111 | G7: 0.02
A8: Pooled CV% | B8: 1.27 | E8: Jun | F8: -0.16891892 | G8: 0.011
E9: Jul | F9: -2.5 | G9: 0.026
E10: Aug | F10: 0.49689441 | G10: 0.015
A11: Mean Bias % | B11: =AVERAGE(F3:F14) -> -0.28653666 | E11: Sep | F11: -3.7225042 | G11: 0.011
A12: SD Bias % | B12: =_xlfn.STDEV.S(F3:F14) -> 1.5330564 | E12: Oct | F12: 1.1607143 | G12: 0.02
A13: no. of EQA | B13: =COUNT(F3:F14) -> 12 | E13: Nov | F13: 1.4888337 | G13: 0.014
A14: SD mean % | B14: =B12/SQRT(B13) -> 0.44255525 | E14: Dec | F14: -0.33726813 | G14: 0.01
A15: Mean U | B15: =AVERAGE(G3:G14) -> 0.017666667
A16: U bias | B16: =SQRT(B15^2+B14^2) -> 0.44290774
A18: u | B18: =SQRT(B8^2+B16^2) -> 1.3450157
A19: MU | B19: =2*B18 -> 2.6900314
A21: TE | B21: =(2*B8)+ABS(B11) -> 2.8265367

Sheet Phosphorus
F2: Bias % | G2: U
E3: Jan | F3: -1.2557078 | G3: 0.019
B4: CV% | E4: Feb | F4: -4.8361934 | G4: 0.015
A5: Lot 1 (CV1) | E5: Mar | F5: 0 | G5: 0.01
A6: Lot 2 (CV2) | E6: Apr | F6: 1.5981735 | G6: 0.019
A7: Lot 3 (CV3) | E7: May | F7: -0.31152648 | G7: 0.013
A8: Pooled CV% | B8: 2.7 | E8: Jun | F8: 5.6872038 | G8: 0.007
E9: Jul | F9: -1.3681592 | G9: 0.021
E10: Aug | F10: -0.27932961 | G10: 0.01
A11: Mean Bias % | B11: =AVERAGE(F3:F14) -> -0.88778745 | E11: Sep | F11: -14.141414 | G11: 0.008
A12: SD Bias % | B12: =_xlfn.STDEV.S(F3:F14) -> 5.0236871 | E12: Oct | F12: 4.8657718 | G12: 0.015
A13: no. of EQA | B13: =COUNT(F3:F14) -> 12 | E13: Nov | F13: -1.1173184 | G13: 0.01
A14: SD mean % | B14: =B12/SQRT(B13) -> 1.4502136 | E14: Dec | F14: 0.50505051 | G14: 0.007
A15: Mean U | B15: =AVERAGE(G3:G14) -> 0.012833333
A16: U bias | B16: =SQRT(B15^2+B14^2) -> 1.4502703
A18: u | B18: =SQRT(B8^2+B16^2) -> 3.0648465
A19: MU | B19: =2*B18 -> 6.129693
A21: TE | B21: =(2*B8)+ABS(B11) -> 6.2877875

Sheet Uric acid
F2: Bias % | G2: U
E3: Jan | F3: -0.10869565 | G3: 0.015
B4: CV% | E4: Feb | F4: -3.2122905 | G4: 0.012
A5: Lot 1 (CV1) | E5: Mar | F5: 0.82304527 | G5: 0.008
A6: Lot 2 (CV2) | E6: Apr | F6: -0.2173913 | G6: 0.014
A7: Lot 3 (CV3) | E7: May | F7: -2.0979021 | G7: 0.011
A8: Pooled CV% | B8: 1.66 | E8: Jun | F8: -3.6363636 | G8: 0.006
E9: Jul | F9: -2.6258206 | G9: 0.018
E10: Aug | F10: -0.6122449 | G10: 0.01
A11: Mean Bias % | B11: =AVERAGE(F3:F14) -> -0.76563058 | E11: Sep | F11: -3.2835821 | G11: 0.006
A12: SD Bias % | B12: =_xlfn.STDEV.S(F3:F14) -> 2.4178468 | E12: Oct | F12: 2.9329609 | G12: 0.012
A13: no. of EQA | B13: =COUNT(F3:F14) -> 12 | E13: Nov | F13: -1.0183299 | G13: 0.008
A14: SD mean % | B14: =B12/SQRT(B13) -> 0.69797224 | E14: Dec | F14: 3.8690476 | G14: 0.006
A15: Mean U | B15: =AVERAGE(G3:G14) -> 0.0105
A16: U bias | B16: =SQRT(B15^2+B14^2) -> 0.69805122
A18: U | B18: =SQRT(B8^2+B16^2) -> 1.8007986
A19: MU | B19: =2*B18 -> 3.6015971
A21: TE | B21: =(2*B8)+ABS(B11) -> 4.0856306

Sheet Magnesium
F2: Bias % | G2: U
E3: Jan | F3: -0.50125313 | G3: 0.011
B4: CV% | E4: Feb | F4: -0.6779661 | G4: 0.008
A5: Lot 1 (CV1) | E5: Mar | F5: 0 | G5: 0.005
A6: Lot 2 (CV2) | E6: Apr | F6: -1.0025063 | G6: 0.011
A7: Lot 3 (CV3) | E7: May | F7: -1.3559322 | G7: 0.008
A8: Pooled CV% | B8: 2.25 | E8: Jun | F8: 2.970297 | G8: 0.003
E9: Jul | F9: -3.3766234 | G9: 0.011
E10: Aug | F10: -1.1695906 | G10: 0.005
A11: Mean Bias % | B11: =AVERAGE(F3:F14) -> -0.87179992 | E11: Sep | F11: -5.6603774 | G11: 0.004
A12: SD Bias % | B12: =_xlfn.STDEV.S(F3:F14) -> 2.3235262 | E12: Oct | F12: 1.7605634 | G12: 0.008
A13: no. of EQA | B13: =COUNT(F3:F14) -> 12 | E13: Nov | F13: 1.1695906 | G13: 0.005
A14: SD mean % | B14: =B12/SQRT(B13) -> 0.67074424 | E14: Dec | F14: -2.617801 | G14: 0.004
A15: Mean U | B15: =AVERAGE(G3:G14) -> 0.0069166667
A16: U bias | B16: =SQRT(B15^2+B14^2) -> 0.6707799
A18: U | B18: =SQRT(B8^2+B16^2) -> 2.3478598
A19: MU | B19: =2*B18 -> 4.6957196
A21: TE | B21: =(2*B8)+ABS(B11) -> 5.3717999

Sheet Amylase
F2: Bias % | G2: U
E3: Jan | F3: 2.3281596 | G3: 5.02
B4: CV% | E4: Feb | F4: 0.48154093 | G4: 3.5
A5: Lot 1 (CV1) | E5: Mar | F5: 0.66006601 | G5: 1.54
A6: Lot 2 (CV2) | E6: Apr | F6: 3.6625971 | G6: 4.44
A7: Lot 3 (CV3) | E7: May | F7: -0.64102564 | G7: 3.14
A8: Pooled CV% | B8: 2.28 | E8: Jun | F8: 0 | G8: 0.364
E9: Jul | F9: -1.8411968 | G9: 4.89
E10: Aug | F10: -0.67114094 | G10: 1.97
A11: Mean Bias % | B11: =AVERAGE(F3:F14) -> 0.41113162 | E11: Sep | F11: -2.9345372 | G11: 0.516
A12: SD Bias % | B12: =_xlfn.STDEV.S(F3:F14) -> 2.237729 | E12: Oct | F12: -1.4876033 | G12: 3.19
A13: no. of EQA | B13: =COUNT(F3:F14) -> 12 | E13: Nov | F13: 4.6979866 | G13: 1.56
A14: SD mean % | B14: =B12/SQRT(B13) -> 0.64597672 | E14: Dec | F14: 0.67873303 | G14: 0.402
A15: Mean U | B15: =AVERAGE(G3:G14) -> 2.5443333
A16: U bias | B16: =SQRT(B15^2+B14^2) -> 2.6250558
A18: U | B18: =SQRT(B8^2+B16^2) -> 3.4769697
A19: MU | B19: =2*B18 -> 6.9539393
A21: TE | B21: =(2*B8)+ABS(B11) -> 4.9711316

Sheet Lipase
F2: Bias % | G2: U
E3: Jan | F3: -0.96153846 | G3: 0.552
B4: CV% | E4: Feb | F4: 4.6931408 | G4: 0.39
A5: Lot 1 (CV1) | E5: Mar | F5: 5.0847458 | G5: 0.378
A6: Lot 2 (CV2) | E6: Apr | F6: 0 | G6: 0.533
A7: Lot 3 (CV3) | E7: May | F7: 3.7394451 | G7: 0.462
A8: Pooled CV% | B8: 5.27 | E8: Jun | F8: 4.622871 | G8: 0.326
E9: Jul | F9: -0.90909091 | G9: 0.653
E10: Aug | F10: 10.047847 | G10: 0.442
A11: Mean Bias % | B11: =AVERAGE(F3:F14) -> 2.7095061 | E11: Sep | F11: -7.5829384 | G11: 0.326
A12: SD Bias % | B12: =_xlfn.STDEV.S(F3:F14) -> 4.8168111 | E12: Oct | F12: 7.4660633 | G12: 0.464
A13: no. of EQA | B13: =COUNT(F3:F14) -> 12 | E13: Nov | F13: -0.32154341 | G13: 0.35
A14: SD mean % | B14: =B12/SQRT(B13) -> 1.3904936 | E14: Dec | F14: 6.6350711 | G14: 0.282
A15: Mean U | B15: =AVERAGE(G3:G14) -> 0.42983333
A16: U bias | B16: =SQRT(B15^2+B14^2) -> 1.4554137
A18: U | B18: =SQRT(B8^2+B16^2) -> 5.467278
A19: MU | B19: =2*B18 -> 10.934556
A21: TE | B21: =(2*B8)+ABS(B11) -> 13.249506

Sheet CPK
F2: Bias % | G2: U
E3: Jan | F3: 5.2083333 | G3: 1.5
B4: CV% | E4: Feb | F4: 0 | G4: 1.18
A5: Lot 1 (CV1) | E5: Mar | F5: 0.52356021 | G5: 0.783
A6: Lot 2 (CV2) | E6: Apr | F6: -1.3227513 | G6: 1.52
A7: Lot 3 (CV3) | E7: May | F7: -2.3489933 | G7: 1.06
A8: Pooled CV% | B8: 2.6 | E8: Jun | F8: 0 | G8: 0.464
E9: Jul | F9: -2.278481 | G9: 1.94
E10: Aug | F10: -1.4634146 | G10: 0.831
A11: Mean Bias % | B11: =AVERAGE(F3:F14) -> -0.657867 | E11: Sep | F11: -2.3076923 | G11: 0.543
A12: SD Bias % | B12: =_xlfn.STDEV.S(F3:F14) -> 2.208139 | E12: Oct | F12: -2.2292994 | G12: 1.25
A13: no. of EQA | B13: =COUNT(F3:F14) -> 12 | E13: Nov | F13: -2.4390244 | G13: 0.719
A14: SD mean % | B14: =B12/SQRT(B13) -> 0.63743483 | E14: Dec | F14: 0.76335878 | G14: 0.472
A15: Mean U | B15: =AVERAGE(G3:G14) -> 1.0218333
A16: U bias | B16: =SQRT(B15^2+B14^2) -> 1.2043532
A18: U | B18: =SQRT(B8^2+B16^2) -> 2.8653912
A19: MU | B19: =2*B18 -> 5.7307823
A21: TE | B21: =(2*B8)+ABS(B11) -> 5.857867

Sheet LDH
F2: Bias % | G2: U
E3: Jan | F3: -5.7906459 | G3: 3.93
B4: CV% | E4: Feb | F4: 0.15384615 | G4: 2.66
A5: Lot 1 (CV1) | E5: Mar | F5: -0.27624309 | G5: 1.63
A6: Lot 2 (CV2) | E6: Apr | F6: 2.3411371 | G6: 3.33
A7: Lot 3 (CV3) | E7: May | F7: 0.1540832 | G7: 2.6
A8: Pooled CV% | B8: 4.28 | E8: Jun | F8: 4.2424242 | G8: 0.801
E9: Jul | F9: 1.0526316 | G9: 1.15
E10: Aug | F10: -1.3089005 | G10: 3.34
A11: Mean Bias % | B11: =AVERAGE(F3:F14) -> 0.44407459 | E11: Sep | F11: -3.9832285 | G11: 4.13
A12: SD Bias % | B12: =_xlfn.STDEV.S(F3:F14) -> 3.0945947 | E12: Oct | F12: 3.0769231 | G12: 1.87
A13: no. of EQA | B13: =COUNT(F3:F14) -> 12 | E13: Nov | F13: 1.0498688 | G13: 2.66
A14: SD mean % | B14: =B12/SQRT(B13) -> 0.89333255 | E14: Dec | F14: 4.616999 | G14: 3.38
A15: Mean U | B15: =AVERAGE(G3:G14) -> 2.6234167
A16: U bias | B16: =SQRT(B15^2+B14^2) -> 2.7713459
A18: U | B18: =SQRT(B8^2+B16^2) -> 5.0988977
A19: MU | B19: =2*B18 -> 10.197795
A21: TE | B21: =(2*B8)+ABS(B11) -> 9.0040746

Sheet Iron
F2: Bias % | G2: U
E3: Jan | F3: -0.46948357 | G3: 0.545
B4: CV% | E4: Feb | F4: -1.8518519 | G4: 0.451
E5: Mar | F5: -0.94339623 | G5: 0.336
E6: Apr | F6: 0.93896714 | G6: 0.575
E7: May | F7: 0 | G7: 0.417
A8: Pooled CV% | B8: 1.34 | E8: Jun | F8: 1.010101 | G8: 0.276
E9: Jul | F9: 0.45454545 | G9: 0.706
E10: Aug | F10: -1.8404908 | G10: 0.334
A11: Mean Bias % | B11: =AVERAGE(F3:F14) -> 0.053669899 | E11: Sep | F11: 0.35842294 | G11: 0.252
A12: SD Bias % | B12: =_xlfn.STDEV.S(F3:F14) -> 1.4881475 | E12: Oct | F12: 3.7037037 | G12: 0.483
A13: no. of EQA | B13: =COUNT(F3:F14) -> 12 | E13: Nov | F13: -0.71647902 | G13: 0.329
A14: SD mean % | B14: =B12/SQRT(B13) -> 0.42959118 | E14: Dec | F14: 0 | G14: 0.243
A15: Mean U | B15: =AVERAGE(G3:G14) -> 0.41225
A16: U bias | B16: =SQRT(B15^2+B14^2) -> 0.59539789
A18: U | B18: =SQRT(B8^2+B16^2) -> 1.4663215
A19: MU | B19: =2*B18 -> 2.9326429
A21: TE | B21: =(2*B8)+ABS(B11) -> 2.7336699

Sheet UIBC
F2: Bias % | G2: U
E3: Jan | F3: 3.6036036 | G3: 0.927
B4: CV% | E4: Feb | F4: -2.1505376 | G4: 0.83
A5: Lot 1 (CV1) | E5: Mar | F5: -0.62893082 | G5: 0.735
A6: Lot 2 (CV2) | E6: Apr | F6: 0 | G6: 0.97
A7: Lot 3 (CV3) | E7: May | F7: -3.7634409 | G7: 0.878
A8: Pooled CV% | B8: 5.25 | E8: Jun | F8: 0 | G8: 0.636
E9: Jul | F9: 1.5706806 | G9: 1.11
E10: Aug | F10: 1.369863 | G10: 0.806
A11: Mean Bias % | B11: =AVERAGE(F3:F14) -> 0.02586716 | E11: Sep | F11: -0.76923077 | G11: 0.83
A12: SD Bias % | B12: =_xlfn.STDEV.S(F3:F14) -> 2.0138213 | E12: Oct | F12: -1.8181818 | G12: 0.913
A13: no. of EQA | B13: =COUNT(F3:F14) -> 12 | E13: Nov | F13: 1.369863 | G13: 0.78
A14: SD mean % | B14: =B12/SQRT(B13) -> 0.58134013 | E14: Dec | F14: 1.5267176 | G14: 0.635
A15: Mean U | B15: =AVERAGE(G3:G14) -> 0.8375
A16: U bias | B16: =SQRT(B15^2+B14^2) -> 1.0194913
A18: U | B18: =SQRT(B8^2+B16^2) -> 5.3480709
A19: MU | B19: =2*B18 -> 10.696142
A21: TE | B21: =(2*B8)+ABS(B11) -> 10.525867

Sheet Sodium
F2: Bias % | G2: U
E3: Jan | F3: -0.62111801 | G3: 0.197
B4: CV% | E4: Feb | F4: -2.0833333 | G4: 0.153
A5: Lot 1 (CV1) | E5: Mar | F5: -0.78740157 | G5: 0.137
A6: Lot 2 (CV2) | E6: Apr | F6: 0 | G6: 0.165
A7: Lot 3 (CV3) | E7: May | F7: 0 | G7: 0.146
A8: Pooled CV% | B8: 1.4 | E8: Jun | F8: 0 | G8: 0.125
E9: Jul | F9: -1.986755 | G9: 0.181
E10: Aug | F10: -0.81967213 | G10: 0.155
A11: Mean Bias % | B11: =AVERAGE(F3:F14) -> -0.73449344 | E11: Sep | F11: 0 | G11: 0.148
A12: SD Bias % | B12: =_xlfn.STDEV.S(F3:F14) -> 0.80976573 | E12: Oct | F12: -0.72992701 | G12: 0.14
A13: no. of EQA | B13: =COUNT(F3:F14) -> 12 | E13: Nov | F13: 0 | G13: 0.129
A14: SD mean % | B14: =B12/SQRT(B13) -> 0.23375923 | E14: Dec | F14: -1.7857143 | G14: 0.116
A15: Mean U | B15: =AVERAGE(G3:G14) -> 0.14933333
A16: U bias | B16: =SQRT(B15^2+B14^2) -> 0.27738749
A18: U | B18: =SQRT(B8^2+B16^2) -> 1.4272154
A19: MU | B19: =2*B18 -> 2.8544308
A21: TE | B21: =(2*B8)+ABS(B11) -> 3.5344934

Sheet Potassium
F2: Bias % | G2: U
E3: Jan | F3: -0.16806723 | G3: 0.007
B4: CV% | E4: Feb | F4: -2.0044543 | G4: 0.004
A5: Lot 1 (CV1) | E5: Mar | F5: 0.34602076 | G5: 0.033
A6: Lot 2 (CV2) | E6: Apr | F6: 0.50420168 | G6: 0.007
A7: Lot 3 (CV3) | E7: May | F7: 0 | G7: 0.004
A8: Pooled CV% | B8: 1.01 | E8: Jun | F8: 1.0752688 | G8: 0.004
E9: Jul | F9: -2.2071307 | G9: 0.008
E10: Aug | F10: -1.0676157 | G10: 0.003
A11: Mean Bias % | B11: =AVERAGE(F3:F14) -> -0.64928664 | E11: Sep | F11: -2.247191 | G11: 0.004
A12: SD Bias % | B12: =_xlfn.STDEV.S(F3:F14) -> 1.1139162 | E12: Oct | F12: -0.8988764 | G12: 0.006
A13: no. of EQA | B13: =COUNT(F3:F14) -> 12 | E13: Nov | F13: 0 | G13: 0.003
A14: SD mean % | B14: =B12/SQRT(B13) -> 0.3215599 | E14: Dec | F14: -1.1235955 | G14: 0.003
A15: Mean U | B15: =AVERAGE(G3:G14) -> 0.0071666667
A16: U bias | B16: =SQRT(B15^2+B14^2) -> 0.32163975
A18: U | B18: =SQRT(B8^2+B16^2) -> 1.0599774
A19: MU | B19: =2*B18 -> 2.1199548
A21: TE | B21: =(2*B8)+ABS(B11) -> 2.6692866

Sheet Chloride
F2: Bias % | G2: U
E3: Jan | F3: 1.7857143 | G3: 0.141
B4: CV% | E4: Feb | F4: 0 | G4: 0.114
A5: Lot 1 (CV1) | E5: Mar | F5: -0.33594625 | G5: 0.105
A6: Lot 2 (CV2) | E6: Apr | F6: 0 | G6: 0.138
A7: Lot 3 (CV3) | E7: May | F7: 0 | G7: 0.13
A8: Pooled CV% | B8: 0.72 | E8: Jun | F8: 0.73710074 | G8: 0.097
E9: Jul | F9: -1.7699115 | G9: 0.147
E10: Aug | F10: -0.6772009 | G10: 0.114
A11: Mean Bias % | B11: =AVERAGE(F3:F14) -> -0.035168218 | E11: Sep | F11: 0.50251256 | G11: 0.094
A12: SD Bias % | B12: =_xlfn.STDEV.S(F3:F14) -> 0.89408301 | E12: Oct | F12: 0 | G12: 0.128
A13: no. of EQA | B13: =COUNT(F3:F14) -> 12 | E13: Nov | F13: 0.33821871 | G13: 0.099
A14: SD mean % | B14: =B12/SQRT(B13) -> 0.25809953 | E14: Dec | F14: -1.0025063 | G14: 0.093
A15: Mean U | B15: =AVERAGE(G3:G14) -> 0.11666667
A16: U bias | B16: =SQRT(B15^2+B14^2) -> 0.28324279
A18: U | B18: =SQRT(B8^2+B16^2) -> 0.77370956
A19: MU | B19: =2*B18 -> 1.5474191
A21: TE | B21: =(2*B8)+ABS(B11) -> 1.4751682

Sheet Bicarbonate
F2: Bias % | G2: U
E3: Jan | F3: 4.6511628 | G3: 0.344
E4: Feb | F4: 7.5949367 | G4: 0.358
E5: Mar | F5: 1.4492754 | G5: 0.264
E6: Apr | F6: 5.8823529 | G6: 0.365
E7: May | F7: -10.828025 | G7: 0.31
A8: Pooled CV% | B8: 4.4 | E8: Jun | F8: 3.1746032 | G8: 0.21
E9: Jul | F9: -5.0632911 | G9: 0.344
E10: Aug | F10: 13.333333 | G10: 0.414
A11: Mean Bias % | B11: =AVERAGE(F3:F14) -> 2.948333 | E11: Sep | F11: 11.842105 | G11: 0.432
A12: SD Bias % | B12: =_xlfn.STDEV.S(F3:F14) -> 8.0125926 | E12: Oct | F12: 13.207547 | G12: 0.316
A13: no. of EQA | B13: =COUNT(F3:F14) -> 12 | E13: Nov | F13: -4.4585987 | G13: 0.392
A14: SD mean % | B14: =B12/SQRT(B13) -> 2.3130363 | E14: Dec | F14: -5.4054054 | G14: 0.421
A15: Mean U | B15: =AVERAGE(G3:G14) -> 0.3475
A16: U bias | B16: =SQRT(B15^2+B14^2) -> 2.338994
A18: U | B18: =SQRT(B8^2+B16^2) -> 4.9830606
A19: MU | B19: =2*B18 -> 9.9661212
A21: TE | B21: =(2*B8)+ABS(B11) -> 11.748333

Sheet FINAL DATA L1
A2: Analytes | B2: MU | C2: Allowable MU | D2: TE | E2: TEa | F2: MU index | G2: TE index | H2: MUTE index
A3: Glucose | B3: =Glucose!B22 -> 3.9487269 | C3: 7.861864 | D3: =Glucose!B24 -> 5.5616552 | E3: 8 | F3: =(B3/C3) -> 0.50226344 | G3: =(D3/E3) -> 0.6952069 | H3: =0.5*(F3+G3) -> 0.59873517
A4: Urea | B4: =Urea!B22 -> 5.9040074 | C4: 21.638052 | D4: =Urea!B24 -> 5.6960319 | E4: 9 | F4: =(B4/C4) -> 0.27285299 | G4: =(D4/E4) -> 0.63289243 | H4: =0.5*(F4+G4) -> 0.45287271 | N4: correlation coefficient, r | P4: =CORREL(B3:B29,D3:D29) -> 0.93085724
A5: Creatinine | B5: =Creatinine!B19 -> 4.0086088 | C5: 9.0215367 | D5: =Creatinine!B20 -> 3.7209926 | E5: 10 | F5: =(B5/C5) -> 0.44433769 | G5: =(D5/E5) -> 0.37209926 | H5: =0.5*(F5+G5) -> 0.40821848
A6: Cholesterol | B6: =cholesterol!B19 -> 4.4370145 | C6: 10.237981 | D6: =cholesterol!B21 -> 8.0979315 | E6: 10 | F6: =(B6/C6) -> 0.43338766 | G6: =(D6/E6) -> 0.80979315 | H6: =0.5*(F6+G6) -> 0.62159041
A7: Trigyceride | B7: =TGL!B19 -> 6.4642195 | C7: 33.353441 | D7: =TGL!B21 -> 7.1182137 | E7: 15 | F7: =(B7/C7) -> 0.19380967 | G7: =(D7/E7) -> 0.47454758 | H7: =0.5*(F7+G7) -> 0.33417863
A8: High Denisty Lipoprotrin | B8: =HDL!B20 -> 5.319298 | C8: 12.279003 | D8: =HDL!B22 -> 5.8821224 | E8: 20 | F8: =(B8/C8) -> 0.43320277 | G8: =(D8/E8) -> 0.29410612 | H8: =0.5*(F8+G8) -> 0.36365445
A9: Total Protein | B9: ='T. Protein'!B19 -> 2.906175 | C9: 4.3454718 | D9: ='T. Protein'!B21 -> 3.4182543 | E9: 8 | F9: =(B9/C9) -> 0.66878238 | G9: =(D9/E9) -> 0.42728178 | H9: =0.5*(F9+G9) -> 0.54803208
A10: Albumin | B10: =albumin!B19 -> 8.22604 | C10: 4.1882649 | D10: =albumin!B21 -> 8.9005071 | E10: 8 | F10: =(B10/C10) -> 1.9640687 | G10: =(D10/E10) -> 1.1125634 | H10: =0.5*(F10+G10) -> 1.538316
A11: Total Bilirubin | B11: =TBIL!B19 -> 3.892893 | C11: 32.598459 | D11: =TBIL!B21 -> 4.4765144 | E11: 20 | F11: =(B11/C11) -> 0.11941954 | G11: =(D11/E11) -> 0.22382572 | H11: =0.5*(F11+G11) -> 0.17162263
A12: Direct Bilirubin | B12: =DBIL!B19 -> 5.8277813 | C12: 31.248685 | D12: =DBIL!B21 -> 6.5816175 | E12: 44.5 | F12: =(B12/C12) -> 0.18649685 | G12: =(D12/E12) -> 0.14790152 | H12: =0.5*(F12+G12) -> 0.16719918
A13: Aspartate Transaminase | B13: =AST!B19 -> 5.0029942 | C13: 15.193193 | D13: =AST!B21 -> 5.3516134 | E13: 15 | F13: =(B13/C13) -> 0.32929181 | G13: =(D13/E13) -> 0.35677423 | H13: =0.5*(F13+G13) -> 0.34303302
A14: Alanine Transaminase | B14: =ALT!B19 -> 5.6210355 | C14: 22.496625 | D14: =ALT!B21 -> 6.2148281 | E14: 15 | F14: =(B14/C14) -> 0.24986128 | G14: =(D14/E14) -> 0.41432187 | H14: =0.5*(F14+G14) -> 0.33209158
A15: Gamma Glutamayl Transferase | B15: =GGT!B19 -> 3.6814956 | C15: 21.230233 | D15: =GGT!B21 -> 3.5873873 | E15: 15 | F15: =(B15/C15) -> 0.17340816 | G15: =(D15/E15) -> 0.23915915 | H15: =0.5*(F15+G15) -> 0.20628365
A16: Calcium | B16: =Calcium!B19 -> 2.6900314 | C16: 2.9028004 | D16: =Calcium!B21 -> 2.8265367 | E16: 8.3 | F16: =(B16/C16) -> 0.92670218 | G16: =(D16/E16) -> 0.34054659 | H16: =0.5*(F16+G16) -> 0.63362438
A17: Phosphorus | B17: =Phosphorus!B19 -> 6.129693 | C17: 12.563451 | D17: =Phosphorus!B21 -> 6.2877875 | E17: 10 | F17: =(B17/C17) -> 0.48789881 | G17: =(D17/E17) -> 0.62877875 | H17: =0.5*(F17+G17) -> 0.55833878
A18: Uric acid | B18: ='Uric acid'!B19 -> 3.6015971 | C18: 15.037173 | D18: ='Uric acid'!B21 -> 4.0856306 | E18: 10 | F18: =(B18/C18) -> 0.23951292 | G18: =(D18/E18) -> 0.40856306 | H18: =0.5*(F18+G18) -> 0.32403799
A19: Magnesium | B19: =Magnesium!B19 -> 4.6957196 | C19: 4.7247024 | D19: =Magnesium!B21 -> 5.3717999 | E19: 15 | F19: =(B19/C19) -> 0.9938657 | G19: =(D19/E19) -> 0.35811999 | H19: =0.5*(F19+G19) -> 0.67599285
A20: Amylase | B20: =Amylase!B19 -> 6.9539393 | C20: 15.128311 | D20: =Amylase!B21 -> 4.9711316 | E20: 20 | F20: =(B20/C20) -> 0.45966397 | G20: =(D20/E20) -> 0.24855658 | H20: =0.5*(F20+G20) -> 0.35411028
A21: Lipase | B21: =Lipase!B19 -> 10.934556 | C21: 14.801436 | D21: =Lipase!B21 -> 13.249506 | E21: 19.3 | F21: =(B21/C21) -> 0.73874969 | G21: =(D21/E21) -> 0.68650291 | H21: =0.5*(F21+G21) -> 0.7126263
A22: Creatine phosphokinase | B22: =CPK!B19 -> 5.7307823 | C22: 25.049832 | D22: =CPK!B21 -> 5.857867 | E22: 20 | F22: =(B22/C22) -> 0.22877528 | G22: =(D22/E22) -> 0.29289335 | H22: =0.5*(F22+G22) -> 0.26083432
A23: Lactate Dehydrogenase | B23: =LDH!B19 -> 10.197795 | C23: 8.11561 | D23: =LDH!B21 -> 9.0040746 | E23: 15 | F23: =(B23/C23) -> 1.2565655 | G23: =(D23/E23) -> 0.60027164 | H23: =0.5*(F23+G23) -> 0.92841857
A24: Iron | B24: =Iron!B19 -> 2.9326429 | C24: 40.353346 | D24: =Iron!B21 -> 2.7336699 | E24: 15 | F24: =(B24/C24) -> 0.072674097 | G24: =(D24/E24) -> 0.18224466 | H24: =0.5*(F24+G24) -> 0.12745938
A25: Unsaturated Iron binding Capacity | B25: =UIBC!B19 -> 10.696142 | D25: =UIBC!B21 -> 10.525867
A26: Sodium | B26: =Sodium!B19 -> 2.8544308 | C26: 0.82925041 | D26: =Sodium!B21 -> 3.5344934 | E26: 3.6 | F26: =(B26/C26) -> 3.442182 | G26: =(D26/E26) -> 0.98180373 | H26: =0.5*(F26+G26) -> 2.2119928
A27: Potassium | B27: =Potassium!B19 -> 2.1199548 | C27: 6.3730144 | D27: =Potassium!B21 -> 2.6692866 | E27: 5.6 | F27: =(B27/C27) -> 0.33264554 | G27: =(D27/E27) -> 0.47665833 | H27: =0.5*(F27+G27) -> 0.40465194
A28: Chloride | B28: =Chloride!B19 -> 1.5474191 | C28: 1.6211975 | D28: =Chloride!B21 -> 1.4751682 | E28: 5 | F28: =(B28/C28) -> 0.95449144 | G28: =(D28/E28) -> 0.29503364 | H28: =0.5*(F28+G28) -> 0.62476254
A29: Bicarbonate | B29: =Bicarbonate!B19 -> 9.9661212 | C29: 6.7002332 | D29: =Bicarbonate!B21 -> 11.748333 | E29: 20 | F29: =(B29/C29) -> 1.487429 | G29: =(D29/E29) -> 0.58741665 | H29: =0.5*(F29+G29) -> 1.0374228
